Tissue,Expected,Observed,Enrichment Fold Change,P value,Q value
acetylcholine-activated cation-selective channel activity GO:0004889,0.427233359283768,4,9.362564774215592,6.974885156264653e-05,0.01883218992191456
acetylcholine receptor activity GO:0015464,0.4523647333592838,4,8.842422286759168,9.197654858211923e-05,0.01883218992191456
aging GO:0007568,7.857742960944596,19,2.4179971391830777,0.0001742176803711385,0.01883218992191456
neurotransmitter binding GO:0042165,0.4356104839756066,4,9.182515451634522,7.663773647769863e-05,0.01883218992191456
ligand-gated channel activity GO:0022834,1.1895517062410796,6,5.04391693822178,0.00021191831743808413,0.01883218992191456
nucleolus GO:0005730,1.0722719605553395,6,5.595595353339786,0.0001114581596760729,0.01883218992191456
receptor complex GO:0043235,0.6701699753470871,4,5.968635043562439,0.0005845737509216362,0.022547844678405968
collagen trimer GO:0005581,1.4408654469962372,6,4.164163983880772,0.0006712723868080753,0.02265544305477254
extracellular space GO:0005615,2.1529210458025174,7,3.251396521784986,0.0016097997083364516,0.04829399125009355
