Tissue,Expected,Observed,Enrichment Fold Change,P value,Q value
cell fate transformation WBPhenotype:0000414,0.807067291962046,7,8.673378378378379,1.2568523730111047e-06,0.00031295624087976506
variable cell division timing WBPhenotype:0002390,0.5891591231322936,5,8.48667160310996,2.4974049103802366e-05,0.0031092691134233944
transgene expression reduced WBPhenotype:0001278,6.15792343767041,17,2.760670893698417,2.522252141765422e-05,0.0031092691134233944
ectopic expression transgene WBPhenotype:0001276,0.9926927691133166,6,6.044166117336849,5.6308735776999403e-05,0.0031092691134233944
brood size variant WBPhenotype:0000673,9.579888755589486,22,2.2964776065028802,3.5298484125989595e-05,0.0031092691134233944
P granule defective WBPhenotype:0001301,0.45195768349874577,4,8.8503861003861,8.280531975158056e-05,0.0034364207696905933
tumorous germline WBPhenotype:0001038,0.7344312356854619,4,5.446391446391447,0.0008099750274297951,0.02881196883285985
protein expression increased WBPhenotype:0000119,0.5003817210164685,3,5.995422842197036,0.0015312267326407084,0.04765943205344205
