Tissue,Expected,Observed,Enrichment Fold Change,P value,Q value
enzyme activity variant WBPhenotype:0000727,0.18322608790489692,4,21.830952380952382,8.984111681356783e-07,0.0002237043808657839
acetylcholinesterase inhibitor response variant WBPhenotype:0001290,0.9684807503544552,6,6.19527027027027,3.656502342297575e-05,0.004552345416160481
protein degradation variant WBPhenotype:0001645,0.5398625804340714,4,7.409292929292928,0.0001758227584371619,0.014593288950284439
