Tissue,Expected,Observed,Enrichment Fold Change,P value,Q value
intestinal cell development variant WBPhenotype:0000705,0.17177445741084088,3,17.464761904761904,2.297574256388194e-05,0.005720959898406604
