Tissue,Expected,Observed,Enrichment Fold Change,P value,Q value
transgene expression reduced WBPhenotype:0001278,6.490784164030973,17,2.6190980273549083,5.3718521834338425e-05,0.013375911936750268
