Tissue,Expected,Observed,Enrichment Fold Change,P value,Q value
avoids bacterial lawn WBPhenotype:0000402,14.101811283255792,31,2.1982991672005125,1.8800314152806545e-05,0.004700078538201636
oxygen response variant WBPhenotype:0000464,2.2765255883282896,9,3.953392857142857,8.794445225123123e-05,0.010993056531403903
diplotene absent during oogenesis WBPhenotype:0001954,3.3831699715434302,11,3.251388518024032,0.000149928517430506,0.012494043119208834
gonad vesiculated WBPhenotype:0001979,6.418537422647816,15,2.3369809992962702,0.0007985401355316668,0.029546260831416347
pleiotropic defects severe early emb WBPhenotype:0000270,3.8258277248294865,11,2.875194805194805,0.00047274017330266153,0.029546260831416347
rachis narrow WBPhenotype:0001941,8.853155065721126,19,2.1461275510204083,0.0006756989748172164,0.029546260831416347
pachytene progression during oogenesis variant WBPhenotype:0001946,8.631826189078097,19,2.201156462585034,0.0004919152287783506,0.029546260831416347
