Tissue,Expected,Observed,Enrichment Fold Change,P value,Q value
rachis wide WBPhenotype:0001943,2.5346275493510744,9,3.5508175559380377,0.00019413315103712633,0.04833915460824446
