Tissue,Expected,Observed,Enrichment Fold Change,P value,Q value
ASJ WBbt:0005667,0.19803268026989676,3,15.149014778325123,4.219271603778085e-05,0.011476418762276392
ASK WBbt:0005668,0.25697097796927076,3,11.674470104397344,0.00011680227404968217,0.015885109270756776
