Tissue,Expected,Observed,Enrichment Fold Change,P value,Q value
pharynx WBbt:0003681,173.76515756977417,597,3.4356715025581517,7.617399113478816e-169,2.0795499579797166e-166
BAG WBbt:0006825,16.50322034695125,59,3.5750598222424794,1.0181816639432279e-17,1.389817971282506e-15
cephalic sheath cell WBbt:0008406,10.417657844012975,33,3.167698583896676,1.960059601187324e-09,1.7836542370804648e-07
Psub1 WBbt:0006874,8.010938210082585,20,2.49658647657873,6.383224941019024e-05,0.004356551022245483
AB WBbt:0004015,3.9195148324009215,11,2.8064697980137217,0.0005750757790782797,0.03139913753767407
