Tissue,Expected,Observed,Enrichment Fold Change,P value,Q value
nervous system WBbt:0005735,106.00991789285423,132,1.2451665148294362,0.0,0.0
ventral nerve cord WBbt:0005829,15.06609218762702,38,2.522220063886731,1.1829322279664178e-08,1.6087878300343282e-06
AVA WBbt:0005842,6.191691732379481,22,3.55314846909301,4.363152585023782e-08,3.955925010421563e-06
coelomic system WBbt:0005749,9.636289732542071,28,2.905682661807383,6.168462628816567e-08,4.194554587595265e-06
retrovesicular ganglion WBbt:0005656,11.503455003658239,24,2.0863297150610585,0.00016140208778542335,0.00878027357552703
pharyngeal interneuron WBbt:0003668,11.02056743354199,23,2.0870068749815585,0.00021627597447643773,0.009804510842931845
nerve ring WBbt:0006749,9.432403869604096,19,2.014332747267901,0.0010774888932739207,0.04186813985292949
