Tissue,Expected,Observed,Enrichment Fold Change,P value,Q value
coelomic system WBbt:0005749,16.71750264206162,229,13.698218262806236,0.0,0.0
striated muscle WBbt:0005779,26.900658483050158,69,2.564992973814237,1.1937862323131029e-14,1.62354927594582e-12
ventral nerve cord WBbt:0005829,26.13738720429233,51,1.951227932668981,7.366291976436528e-07,6.67877139196912e-05
cephalic sheath cell WBbt:0008406,5.64076091374685,19,3.3683398907576345,9.548378611509982e-07,6.67877139196912e-05
AVA WBbt:0005842,10.741647020567434,25,2.3273898269168183,2.6892973030276133e-05,0.0014629777328470216
