Tissue,Expected,Observed,Enrichment Fold Change,P value,Q value
PVD WBbt:0006831,149.76050727583123,310,2.069971620949689,1.3772445891408196e-46,3.7461052824630294e-44
labial sensillum WBbt:0005107,155.094301276319,310,1.9987839491774624,3.606978157213865e-43,4.905490293810857e-41
