Tissue,Expected,Observed,Enrichment Fold Change,P value,Q value
labial sensillum WBbt:0005107,837.4435459859277,2180,2.6031605478951683,0.0,0.0
PVD WBbt:0006831,808.6433171924217,2180,2.695873388985487,0.0,0.0
AWB WBbt:0005671,237.95140488615172,304,1.2775717804458828,2.8902220415989433e-07,2.6301020578550384e-05
thermosensory neuron WBbt:0005838,234.03681068120915,296,1.2647583050650668,1.0952160092352211e-06,7.474849263030384e-05
