Tissue,Expected,Observed,Enrichment Fold Change,P value,Q value
nervous system WBbt:0005735,159.01487683928136,198,1.2451665148294362,0.0,0.0
ALM WBbt:0005406,4.41037314039509,198,44.894160583941606,0.0,0.0
PLM WBbt:0005490,4.50695065441834,198,43.93214285714286,0.0,0.0
FLP WBbt:0006828,5.038126981546216,72,14.29102526866105,1.1002482504793457e-66,7.48168810325955e-65
AVM WBbt:0003832,1.1589301682790016,16,13.805836139169473,1.0218579116049166e-15,5.558907039130746e-14
PVM WBbt:0004086,0.9657751402325014,13,13.460690235690235,4.4770930217137356e-13,2.0296155031768935e-11
posterior lateral ganglion WBbt:0005465,2.7846516543370456,19,6.823115548549075,4.5939658509037704e-12,1.7850838734940364e-10
tail WBbt:0005741,29.729778066823837,53,1.7827243742241035,5.330299935015677e-06,0.000181230197790533
BDU WBbt:0006826,0.6116575888139175,4,6.539606592238171,0.00033481615824805565,0.01011888833816346
