Tissue,Expected,Observed,Enrichment Fold Change,P value,Q value
FLP WBbt:0006828,9.299797846833716,286,30.75335665466899,0.0,0.0
ALM WBbt:0005406,8.141037092755395,77,9.458254411900581,3.822973699703229e-53,5.218359100094908e-51
PLM WBbt:0005490,8.319307977998214,77,9.255577531645569,2.3322248583784976e-52,2.1223246211244329e-50
AVM WBbt:0003832,2.1392506229138264,21,9.816521624472573,9.722529537826451e-17,6.635626409566553e-15
posterior lateral ganglion WBbt:0005465,5.140143857834611,26,5.05822418965391,2.1734430702042736e-12,1.1866999163315334e-10
PVM WBbt:0004086,1.7827088524281884,13,7.292273206751055,1.921714732316677e-09,8.74380203204088e-08
BDU WBbt:0006826,1.129048939871186,7,6.199908394403732,1.3212616950623772e-05,0.0005152920610743271
