Tissue,Expected,Observed,Enrichment Fold Change,P value,Q value
cephalic sheath cell WBbt:0008406,23.400536541744575,107,4.572544728157026,4.7924494302963134e-45,1.3035462450405972e-42
PVD WBbt:0006831,223.34769530932445,360,1.6118366455557982,1.3433394176665548e-25,1.8269416080265144e-23
labial sensillum WBbt:0005107,231.30233314364685,363,1.569374571654512,1.4297167499717568e-23,1.296276519974393e-21
gonadal primordium WBbt:0008366,46.4149256158036,84,1.809762676241352,2.5078741083093412e-08,1.705354393650352e-06
excretory secretory system WBbt:0006850,72.82741240549548,117,1.6065379248758165,5.920422959566189e-08,3.2207100900040064e-06
hyp7 syncytium WBbt:0005734,11.661653524103732,30,2.572533983966539,3.948690653509733e-07,1.7900730962577455e-05
excretory cell WBbt:0005812,66.41736444191528,105,1.5809118727050187,6.341501467702742e-07,2.4641262845930653e-05
nervous system WBbt:0005735,762.9501666531175,797,1.044629170862169,0.001369891378456571,0.04657630686752341
