Tissue,Expected,Observed,Enrichment Fold Change,P value,Q value
PVD WBbt:0006831,314.56555874194913,459,1.4591552928924947,2.4448782870850475e-17,6.674517723742179e-15
labial sensillum WBbt:0005107,325.7689655712786,462,1.4181829726776534,2.6704655270030024e-15,3.6451854443590985e-13
pharynx WBbt:0003681,549.7283312177769,719,1.307918764905652,6.45608894417768e-15,5.875040939201689e-13
anal depressor muscle WBbt:0004292,50.4697162020278,86,1.7039921456214697,3.2448717425357444e-07,2.2146249642806455e-05
Psub1 WBbt:0006874,25.343629041104474,46,1.8150518193504668,2.273412981699043e-05,0.0012412834880076774
excretory cell WBbt:0005812,93.54300847789635,129,1.3790448062238871,7.579085902309318e-05,0.0034484840855507396
excretory secretory system WBbt:0006850,102.57099650541426,139,1.3551589117364462,9.63646566113456e-05,0.0037582216078424786
hermaphrodite WBbt:0007849,244.7346152037986,292,1.1931291360514815,0.0006471792963691379,0.02208499348859683
sex organ WBbt:0008422,174.142275085014,211,1.2116529423828448,0.001530221813113184,0.046416728331099916
