Tissue,Expected,Observed,Enrichment Fold Change,P value,Q value
coelomic system WBbt:0005749,15.296663689216931,229,14.970584740084783,2.946580177213907e-202,8.044163883793965e-200
striated muscle WBbt:0005779,24.614341905254417,69,2.8032437456826984,1.1321087203599363e-14,1.545328403291313e-12
ventral nerve cord WBbt:0005829,23.915941892717782,51,2.13246880381195,2.3261076220541857e-07,2.116757936069309e-05
cephalic sheath cell WBbt:0008406,5.161346434112172,19,3.681209979323599,3.546525248362939e-07,2.4205034820077058e-05
AVA WBbt:0005842,9.82870261545453,25,2.5435707008461432,9.387038814471052e-06,0.0005125323192701195
