Tissue,Expected,Observed,Enrichment Fold Change,P value,Q value
nervous system WBbt:0005735,705.1265750751971,878,1.2451665148294362,0.0,0.0
PVD WBbt:0006831,206.42029103324933,878,4.253457814661134,0.0,0.0
labial sensillum WBbt:0005107,213.77205105275993,878,4.107178631051753,0.0,0.0
ventral nerve cord WBbt:0005829,100.21234046012519,152,1.5167792639318836,2.6607496787766754e-08,1.8093097815681393e-06
