Tissue,Expected,Observed,Enrichment Fold Change,P value,Q value
pharynx WBbt:0003681,245.28396065360542,597,2.433913731697665,0.0,0.0
BAG WBbt:0006825,23.29566701894155,59,2.5326598269123393,1.0357103738747113e-11,1.4085661084696074e-09
cephalic sheath cell WBbt:0008406,14.705389805706853,33,2.244075161284973,4.395504223413702e-06,0.0003985257162561757
