Tissue,Expected,Observed,Enrichment Fold Change,P value,Q value
excretory cell WBbt:0005812,41.94004356479087,528,12.589400370658218,0.0,0.0
excretory secretory system WBbt:0006850,45.98774544371837,528,11.48131953209551,0.0,0.0
amphid sheath cell WBbt:0006754,1.9994671932051462,8,4.001065897548436,0.00013050513007069895,0.011875966836433605
