Tissue,Expected,Observed,Enrichment Fold Change,P value,Q value
male WBbt:0007850,68.81912039671572,111,1.6129238409344344,9.179023909184877e-08,2.4966945032982866e-05
oocyte WBbt:0006797,14.90740590195919,35,2.3478263240554926,3.709605728978776e-07,5.045063791411135e-05
reproductive tract WBbt:0005744,176.1320217868466,216,1.2263528108557187,0.00036142859433118687,0.03276952588602761
