Tissue,Expected,Observed,Enrichment Fold Change,P value,Q value
male WBbt:0007850,2.566593013962672,25,9.74053925339781,1.9903007037433452e-18,5.433520921219332e-16
posterior lateral ganglion WBbt:0005465,0.6587842602604485,3,4.553842860201242,0.004474842554124275,0.04698584681830489
