Tissue,Expected,Observed,Enrichment Fold Change,P value,Q value
PVD WBbt:0006831,106.0939307037751,310,2.9219390585645386,3.667163277095593e-66,1.0011355746470969e-63
labial sensillum WBbt:0005107,109.87251813893721,310,2.8214516719093976,1.1195858763158312e-62,1.5282347211711095e-60
nervous system WBbt:0005735,362.41422594142256,508,1.401710980523454,2.1635531130856376e-16,1.9688333329079303e-14
pharynx WBbt:0003681,185.407581527275,255,1.3753482888858424,9.274407801519416e-08,6.329783324537001e-06
excretory cell WBbt:0005812,31.549370817858428,58,1.838388484348768,4.3619515789647665e-06,0.00023816255621147625
excretory secretory system WBbt:0006850,34.59425195493081,59,1.7054856418593718,3.380043988071622e-05,0.0015379200145725878
