Tissue,Expected,Observed,Enrichment Fold Change,P value,Q value
male WBbt:0007850,1.3698073327371758,25,18.25074183976261,0.0,0.0
posterior lateral ganglion WBbt:0005465,0.35159743110316233,3,8.532485549132948,0.00037943889469350527,0.005285560893075397
