Tissue,Expected,Observed,Enrichment Fold Change,P value,Q value
PVD WBbt:0006831,236.97785717643742,878,3.7049875058423773,3.9459866748695915e-281,1.0772543622393984e-278
labial sensillum WBbt:0005107,245.4179399181985,878,3.577570573254142,1.4143764054802544e-268,1.9306237934805472e-266
ventral nerve cord WBbt:0005829,115.04734145080155,152,1.3211952408739558,0.00019963365352850503,0.018166662471093956
