Tissue,Expected,Observed,Enrichment Fold Change,P value,Q value
cephalic sheath cell WBbt:0008406,20.787833200131637,107,5.147241608582968,2.2597414027775214e-48,6.169094029582633e-46
PVD WBbt:0006831,198.41060598937523,360,1.8144191345258922,5.856781080333137e-29,7.994506174654732e-27
labial sensillum WBbt:0005107,205.47709714321533,363,1.7666202464744423,5.124833089890383e-27,4.663598111800249e-25
gonadal primordium WBbt:0008366,41.23263284910598,84,2.037221351045045,2.2669986814126105e-10,1.5472266000641068e-08
excretory secretory system WBbt:0006850,64.69612774826446,117,1.8084544480815337,2.3963428462474873e-10,1.5472266000641068e-08
excretory cell WBbt:0005812,59.00177079905348,105,1.779607604619291,4.355536268480693e-09,1.9817690021587153e-07
hyp7 syncytium WBbt:0005734,10.359613244950088,30,2.8958610027863583,3.425865555738173e-08,1.3360875667378875e-06
nervous system WBbt:0005735,677.765690376569,797,1.1759226105959775,1.8788207892636429e-07,6.411475943362181e-06
coelomic system WBbt:0005749,61.60882578784887,86,1.3959038968887767,0.0008108925708950679,0.024597074650483726
