Tissue,Expected,Observed,Enrichment Fold Change,P value,Q value
PVD WBbt:0006831,333.84602877814814,459,1.374885307696803,2.7146211755522405e-16,7.383769597502094e-14
pharynx WBbt:0003681,583.4224859767498,719,1.2323830796412827,4.660607543269778e-15,6.338426258846898e-13
labial sensillum WBbt:0005107,345.73611901471423,462,1.3362792447506409,4.1633759043599736e-14,3.774794153286376e-12
anal depressor muscle WBbt:0004292,53.56312494919112,86,1.6055822000971347,2.543133220893148e-06,0.00017293305902073405
Psub1 WBbt:0006874,26.897000243882612,46,1.7102278909508553,8.610666288238961e-05,0.004684202460801995
excretory cell WBbt:0005812,99.27648158686286,129,1.2994014084507042,0.0006080450660354898,0.02756470966027554
excretory secretory system WBbt:0006850,108.85781643768799,139,1.2768949860349799,0.0008101469573758235,0.03147999605803199
