Tissue,Expected,Observed,Enrichment Fold Change,P value,Q value
AVA WBbt:0005842,7.477770987102941,22,2.942053191779186,2.779293920820719e-06,0.0007587472403840562
coelomic system WBbt:0005749,11.637848087380315,28,2.405943073819828,9.234394974972625e-06,0.0012604949140837633
ventral nerve cord WBbt:0005829,18.195477410558976,38,2.0884310503415704,9.982443758375114e-06,0.0012604949140837633
