Tissue,Expected,Observed,Enrichment Fold Change,P value,Q value
excretory secretory system WBbt:0006850,40.47670921063328,528,13.044538706256628,0.0,0.0
excretory cell WBbt:0005812,36.9140720266645,528,14.303488372093023,0.0,0.0
amphid sheath cell WBbt:0006754,1.7598569222014468,8,4.5458240946045825,4.7295901407658396e-05,0.004288161727627695
rectal valve cell WBbt:0005797,1.802780261767336,7,3.882891414141414,0.0003546271153847968,0.024114643846166184
nervous system WBbt:0005735,424.03967157141693,451,1.06357973141681,0.0007551467489515512,0.041079983142964384
