Tissue,Expected,Observed,Enrichment Fold Change,P value,Q value
ALM WBbt:0005406,6.247473085421466,198,31.692813605237415,1.3404872572282943e-265,3.6595302122332434e-263
PLM WBbt:0005490,6.384279065394199,198,31.013681885125184,2.325027947697499e-262,3.173663148607086e-260
FLP WBbt:0006828,7.136711955244229,72,10.088679556009355,4.493665855445822e-51,4.089235928455698e-49
AVM WBbt:0003832,1.6416717596727939,16,9.746162657502865,4.617687074691739e-13,3.1515714284771116e-11
PVM WBbt:0004086,1.3680597997273283,13,9.502508591065292,6.296530330113103e-11,3.4379055602417545e-09
posterior lateral ganglion WBbt:0005465,3.9445724225471297,19,4.816745128419045,3.5290149505300093e-09,1.605701802491154e-07
