Tissue,Expected,Observed,Enrichment Fold Change,P value,Q value
anal sphincter muscle WBbt:0005798,2.7169385548399227,10,3.6806132336655595,9.614449365065482e-05,0.026247446766628768
