Tissue,Expected,Observed,Enrichment Fold Change,P value,Q value
dorsal nerve cord WBbt:0006750,10.561264946014136,24,2.2724550631652978,8.30924352292108e-05,0.022684234817574547
