Tissue,Expected,Observed,Enrichment Fold Change,P value,Q value
excretory gland cell WBbt:0005776,0.46128531803864414,7,15.17498980839788,1.7793021738170522e-08,4.857494934520553e-06
excretory secretory system WBbt:0006850,9.886183066146396,23,2.3264792737613478,7.886341423807637e-05,0.010764856043497424
