Tissue,Expected,Observed,Enrichment Fold Change,P value,Q value
PVC WBbt:0005840,1.9436948584144298,10,5.144840485999693,2.602176323749086e-06,0.0007103941363835005
vulD WBbt:0006766,2.977575102251892,9,3.02259378552482,0.0007424548693424119,0.041089016778018676
posterior lateral ganglion WBbt:0005465,7.154451287355241,16,2.236369968480792,0.0008913880430127185,0.041089016778018676
anal sphincter muscle WBbt:0005798,5.334822058201307,14,2.62426747270372,0.00030101843793420275,0.041089016778018676
Psub2 WBbt:0006873,1.8609844389074326,7,3.761450044208665,0.00046430458657726773,0.041089016778018676
AVD WBbt:0006818,1.406077131618949,6,4.267191226623275,0.00041265670510507585,0.041089016778018676
preanal ganglion WBbt:0005448,7.319872126369235,16,2.1858305341648414,0.0011483305523075434,0.04478489153999419
