Tissue,Expected,Observed,Enrichment Fold Change,P value,Q value
nervous system WBbt:0005735,96.37265262986749,110,1.1414026385936498,0.00017172367893630595,0.016810581362142148
hermaphrodite WBbt:0007849,21.949435005284126,38,1.7312518518518516,0.00012360721589810403,0.016810581362142148
pharynx WBbt:0003681,49.30330867409154,66,1.3386525524337158,0.0007441183284483928,0.03373336422299381
