Tissue,Expected,Observed,Enrichment Fold Change,P value,Q value
anal depressor muscle WBbt:0004292,19.123376114584804,37,1.934804805296971,5.679676590314322e-05,0.015505517091558098
dorsal nerve cord WBbt:0006750,24.64607525112438,43,1.7446996960718237,0.00018412197291304265,0.02513264930263032
intestinal muscle WBbt:0005796,8.242834532148622,19,2.3050323193916347,0.0002512587435627159,0.02513264930263032
tail WBbt:0005741,76.12257690439253,105,1.379354250341217,0.00044137967332344137,0.030124162704324872
