Tissue,Expected,Observed,Enrichment Fold Change,P value,Q value
rectal valve cell WBbt:0005797,0.40972278676530366,5,12.203373015873016,2.9930580303062623e-06,0.0008141117842433034
pharyngeal-intestinal valve WBbt:0005767,1.5901146248272497,7,4.40219836400818,0.0001913500550690431,0.016810581362142148
nervous system WBbt:0005735,96.37265262986749,110,1.1414026385936498,0.00017172367893630595,0.016810581362142148
hermaphrodite WBbt:0007849,21.949435005284126,38,1.7312518518518516,0.00012360721589810403,0.016810581362142148
pharynx WBbt:0003681,49.30330867409154,66,1.3386525524337158,0.0007441183284483928,0.03373336422299381
