Tissue,Expected,Observed,Enrichment Fold Change,P value,Q value
dorsal nerve cord WBbt:0006750,13.68185166032,28,2.0465066202409856,0.0001562463385099978,0.0426552504132294
