Tissue,Expected,Observed,Enrichment Fold Change,P value,Q value
excretory gland cell WBbt:0005776,0.6253898108535878,5,7.99501353112158,3.612490211626148e-05,0.009862098277739385
