Tissue,Expected,Observed,Enrichment Fold Change,P value,Q value
excretory gland cell WBbt:0005776,0.7605346872894237,5,6.5743220967609,0.00010600665668674597,0.02893981727548165
excretory cell WBbt:0005812,14.864996160656919,29,1.950891859410909,0.00028498371893880085,0.038900277635146314
