Tissue,Expected,Observed,Enrichment Fold Change,P value,Q value
excretory gland cell WBbt:0005776,0.5472725794650841,7,12.790701128936423,5.782574626524665e-08,1.572860298414709e-05
