Tissue,Expected,Observed,Enrichment Fold Change,P value,Q value
excretory duct cell WBbt:0004540,0.6907683387397552,6,8.685980036297641,4.9705754677401945e-06,0.0013569671026930732
