Tissue,Expected,Observed,Enrichment Fold Change,P value,Q value
rectal valve cell WBbt:0005797,0.6055192515631611,5,8.257375776397515,2.9771214303859506e-05,0.008127541504953645
