Tissue,Expected,Observed,Enrichment Fold Change,P value,Q value
SMD WBbt:0005353,0.8584771128140034,7,8.1539739330437,1.9258899074568667e-06,0.0005257679447357246
CAN WBbt:0006827,1.5173083854387035,7,4.613432620011568,0.00014017021419287265,0.019133234237327115
