Tissue,Expected,Observed,Enrichment Fold Change,P value,Q value
pharynx WBbt:0003681,62.03999674823186,85,1.3700838887039837,5.51916079731796e-05,0.005004039122901618
excretory secretory system WBbt:0006850,11.57572555076823,25,2.15969183878421,7.538867266304337e-05,0.005126429741086949
hermaphrodite WBbt:0007849,27.619705714982523,44,1.59306548933039,0.00036811044242595346,0.020025208067971867
sex organ WBbt:0008422,19.65295504430534,33,1.6791367977795335,0.0008484429150851922,0.030681689061701087
reproductive tract WBbt:0005744,21.175107714819934,35,1.6528841539495154,0.0007954085778499791,0.030681689061701087
excretory cell WBbt:0005812,10.55686529550443,20,1.8945017711381489,0.0018821401022835955,0.036567293415795565
nerve ring WBbt:0006749,10.790098365986504,20,1.8535512209087692,0.002450863732710907,0.04166468345608541
