Tissue,Expected,Observed,Enrichment Fold Change,P value,Q value
anal depressor muscle WBbt:0004292,17.545515803989783,36,2.051806307786844,2.0783074052446528e-05,0.005673779216317902
RIC WBbt:0006834,1.28566279598201,6,4.666853562809293,0.00023994793775418194,0.03275289350344583
anal sphincter muscle WBbt:0005798,4.877955902402332,13,2.6650507425861854,0.00039395696704196885,0.03585008400081917
