Tissue,Expected,Observed,Enrichment Fold Change,P value,Q value
rectal valve cell WBbt:0005797,0.41313714332168117,4,9.682014954742227,5.389352822486096e-05,0.014659039677162181
hermaphrodite WBbt:0007849,22.132346963661494,39,1.7621267217630852,6.665552617680919e-05,0.014659039677162181
excretory secretory system WBbt:0006850,9.275912527436793,20,2.1561221002077073,0.0003212549384936283,0.0291271144234223
excretory cell WBbt:0005812,8.459474839443947,18,2.127791658658466,0.0007055656019984037,0.0345270610981967
tail WBbt:0005741,18.168197707503456,31,1.7062782175249567,0.0007461312283816747,0.0345270610981967
