Tissue,Expected,Observed,Enrichment Fold Change,P value,Q value
PVC WBbt:0005840,0.5929042671555953,6,10.119677547244613,2.009332253997654e-06,0.0005485477053413596
PVQ WBbt:0006976,0.6559791891934245,5,7.622193024366938,4.915234910245414e-05,0.00670929565248499
lateral ganglion WBbt:0005105,6.673326751602337,18,2.6973053575831587,5.624259391089063e-05,0.00670929565248499
