Tissue,Expected,Observed,Enrichment Fold Change,P value,Q value
linker cell migration variant WBPhenotype:0001511,6.443450757988876,22,3.414319566689235,2.9768663229404307e-08,7.412397144121672e-06
lipid metabolism variant WBPhenotype:0000725,70.50976115170684,110,1.560067687129546,4.586928937198663e-07,5.710726526812335e-05
spermatogenesis variant WBPhenotype:0000670,6.443450757988876,19,2.9487305348679755,2.8826648877291964e-06,0.0002392611856815233
fat content reduced WBPhenotype:0001183,42.61882429926928,70,1.6424667069288486,9.293249660259814e-06,0.0005785047913511735
acetylcholinesterase inhibitor response variant WBPhenotype:0001290,27.246591776638674,49,1.7983900666068913,1.5489098560905765e-05,0.0007713571083331071
dauer metabolism variant WBPhenotype:0001547,61.30483149743702,85,1.386513883551798,0.0006290899161038795,0.026107231518311
