Tissue,Expected,Observed,Enrichment Fold Change,P value,Q value
transgene expression reduced WBPhenotype:0001278,0.7489366343112662,6,8.01135867190913,8.349781139787045e-07,0.00020790955038069742
male mating efficiency reduced WBPhenotype:0000843,0.0677282146362744,2,29.529790660225444,3.31732279509177e-05,0.004130066879889253
sexually dimorphic behavior variant WBPhenotype:0000821,0.16882975242665504,2,11.84625322997416,0.0005014435852510541,0.04091416049106651
copulation variant WBPhenotype:0000647,0.1678481840985931,2,11.915529564652372,0.000492941692663452,0.04091416049106651
