Tissue,Expected,Observed,Enrichment Fold Change,P value,Q value
pathogen susceptibility increased WBPhenotype:0001013,4.007498080310764,16,3.992515948693672,6.526461507356842e-07,0.00016316153768392106
nuclear division variant WBPhenotype:0000504,5.091286869325624,16,3.1426239398133364,1.6847104012726556e-05,0.0021058880015908197
epithelial cell physiology variant WBPhenotype:0000986,1.3358326934369213,7,5.240177182660445,5.1807084099423525e-05,0.004317257008285293
enzyme activity variant WBPhenotype:0000727,1.4114458647635395,7,4.959453405017921,7.767115068605486e-05,0.004854446917878429
meiotic chromosome segregation variant WBPhenotype:0001499,4.688016622250328,13,2.7730277103326006,0.000292416961798662,0.014620848089933101
dauer constitutive WBPhenotype:0000012,3.276570757486788,10,3.0519713261648747,0.00047619319472775955,0.019841383113656647
embryonic cell morphology variant WBPhenotype:0000770,3.8562717376575275,11,2.852496076088739,0.0005351637520473752,0.019841383113656647
epithelial development variant WBPhenotype:0000701,1.638285378743394,6,3.6623655913978497,0.0012425105190127508,0.03882845371914846
aneuploidy WBPhenotype:0001882,4.309950765617237,11,2.5522333312372925,0.0014147127283503902,0.03929757578751084
