Tissue,Expected,Observed,Enrichment Fold Change,P value,Q value
transgene expression reduced WBPhenotype:0001278,0.8271376304259451,6,7.253931847968546,1.981036029374793e-05,0.004952590073436982
