Tissue,Expected,Observed,Enrichment Fold Change,P value,Q value
cadmium response variant WBPhenotype:0001653,3.3266441269495037,18,5.410858304373484,5.523768816631847e-10,1.37541843534133e-07
pathogen susceptibility increased WBPhenotype:0001013,5.2369942196531785,20,3.818984547461369,5.077245440787073e-08,6.321170573779906e-06
epithelial cell physiology variant WBPhenotype:0000986,1.745664739884393,10,5.728476821192054,9.149268473969543e-07,7.593892833394721e-05
lipid metabolism variant WBPhenotype:0000725,25.229796051914057,46,1.823241056144416,2.0042406212176867e-05,0.00124763978670801
pale WBPhenotype:0001261,1.6468535281928236,6,3.6433112582781457,0.0011607254472394963,0.04832473370425556
pore forming toxin response variant WBPhenotype:0002058,4.775875231759189,12,2.5126284539849277,0.0009703761788003125,0.04832473370425556
