Tissue,Expected,Observed,Enrichment Fold Change,P value,Q value
oxygen response variant WBPhenotype:0000464,1.711855164140037,8,4.673292558613659,4.7735537535752295e-05,0.01188614884640232
