Tissue,Expected,Observed,Enrichment Fold Change,P value,Q value
transgene expression reduced WBPhenotype:0001278,0.7489366343112662,6,8.01135867190913,8.349781139787045e-07,0.00020790955038069742
