Tissue,Expected,Observed,Enrichment Fold Change,P value,Q value
touch resistant WBPhenotype:0000456,0.41405061957029077,13,31.39712727272727,4.317688193379619e-18,1.0794220483449049e-15
sluggish WBPhenotype:0000646,1.8218227261092792,13,7.135710743801653,5.975287496514027e-09,7.469109370642535e-07
chemosensory behavior variant WBPhenotype:0001049,1.647921465889757,7,4.2477752398355415,0.00027989643033153567,0.023324702527627972
