Tissue,Expected,Observed,Enrichment Fold Change,P value,Q value
organism osmotic stress response variant WBPhenotype:0000876,1.7578933104476264,8,4.550901896294773,6.835436482768853e-05,0.017088591206922132
stress induced lethality variant WBPhenotype:0000139,1.2123402141018114,6,4.949105812220566,0.0002056177277492454,0.025702215968655674
