Tissue,Expected,Observed,Enrichment Fold Change,P value,Q value
touch resistant WBPhenotype:0000456,0.46351837714036426,13,28.046352941176472,8.134996741642727e-18,2.0256141886690392e-15
sluggish WBPhenotype:0000646,2.0394808594176026,13,6.374171122994653,1.1682879726442121e-08,1.4545185259420442e-06
chemosensory behavior variant WBPhenotype:0001049,1.8448031410186498,7,3.7944428022465266,0.0004924132878019774,0.040870302887564124
