Tissue,Expected,Observed,Enrichment Fold Change,P value,Q value
transgene expression reduced WBPhenotype:0001278,0.10339220380324314,6,58.031454783748366,9.067238389452526e-13,2.2668095973631317e-10
behavior variant WBPhenotype:0000517,0.40056009756538236,3,7.4895128552097425,0.0004119572721854088,0.0037825097498017904
embryonic development variant WBPhenotype:0000749,0.46899137269072677,3,6.396706154290667,0.0007504578153306127,0.005211512606462588
organ system physiology variant WBPhenotype:0000575,0.5084240480599846,3,5.900586353944563,0.001017972778779106,0.006362329867369413
