Tissue,Expected,Observed,Enrichment Fold Change,P value,Q value
dauer constitutive WBPhenotype:0000012,1.8715236121714471,10,5.343240093240094,2.458637625313628e-06,0.0006122007687030934
paraquat hypersensitive WBPhenotype:0000462,0.7198167739120951,5,6.946212121212121,7.508347782784665e-05,0.009347892989566908
dauer development variant WBPhenotype:0000308,3.25357181808267,10,3.0735451863770447,0.00040375956540680607,0.033512043928764904
