Tissue,Expected,Observed,Enrichment Fold Change,P value,Q value
oxygen response variant WBPhenotype:0000464,1.7908667961515876,8,4.467110573042777,7.425359006999339e-05,0.01856339751749835
