Tissue,Expected,Observed,Enrichment Fold Change,P value,Q value
transgene expression reduced WBPhenotype:0001278,5.950795730008883,18,3.0248055582262663,1.2046613446557243e-05,0.003011653361639311
cell fate transformation WBPhenotype:0000414,0.7799208034087658,5,6.4109073359073365,0.00014030229506148048,0.010460354292830579
male nervous system morphology variant WBPhenotype:0001358,0.7643223873405905,5,6.541742179497281,0.00012552425151396695,0.010460354292830579
