Tissue,Expected,Observed,Enrichment Fold Change,P value,Q value
ectopic expression transgene WBPhenotype:0001276,4.935408103347035,16,3.2418798334324808,9.022403134296925e-06,0.002255600783574231
