Tissue,Expected,Observed,Enrichment Fold Change,P value,Q value
oxygen response variant WBPhenotype:0000464,0.7459919293270802,7,9.383479532163744,6.847786912281842e-07,0.00017050989411581787
transgene expression reduced WBPhenotype:0001278,7.9054422510633655,19,2.4034076015727392,8.47763220250502e-05,0.01055465209211875
brood size variant WBPhenotype:0000673,12.298505834878394,24,1.9514565689708687,0.00032629853408014457,0.027082778328652
