Tissue,Expected,Observed,Enrichment Fold Change,P value,Q value
embryonic development variant WBPhenotype:0000749,3.335049761356279,29,8.695522428488877,8.096229297051441e-22,2.02405732426286e-19
organ system physiology variant WBPhenotype:0000575,3.6154598973154464,28,7.7445195895522385,1.1462802346946108e-19,1.4328502933682635e-17
body morphology variant WBPhenotype:0000072,1.3027989821882953,19,14.583984374999998,1.0918883348100593e-18,9.099069456750494e-17
fertility reduced WBPhenotype:0001384,3.1230558441362906,24,7.684780931811169,9.288574976541712e-17,4.6442874882708556e-15
behavior variant WBPhenotype:0000517,2.848427360464941,22,7.723560131935048,1.8856334470375934e-15,7.856806029323305e-14
transgene expression reduced WBPhenotype:0001278,0.7352334492675068,13,17.681458879423328,1.746770081743542e-14,6.238464577655508e-13
movement variant WBPhenotype:0001206,1.899272776548173,16,8.42427701674277,3.6911119850734874e-12,1.1534724953354648e-10
developmental timing variant WBPhenotype:0000033,2.0370688227411655,14,6.872620033112583,1.2185293618758074e-09,3.3848037829883536e-08
brood size variant WBPhenotype:0000673,1.1438035442733034,11,9.617036120471779,1.4048623499313704e-09,3.512155874828426e-08
