Tissue,Expected,Observed,Enrichment Fold Change,P value,Q value
short WBPhenotype:0000324,1.2913076671392736,10,7.744087837837839,4.915347950479233e-08,1.223921639669329e-05
oxygen response variant WBPhenotype:0000464,0.5025629839677173,4,7.959201388888889,0.0001380153729653657,0.01718291393418803
