Tissue,Expected,Observed,Enrichment Fold Change,P value,Q value
transgene expression reduced WBPhenotype:0001278,7.739011887883084,18,2.325878324102651,0.00019223417282803728,0.047866309034181286
