Tissue,Expected,Observed,Enrichment Fold Change,P value,Q value
transgene expression reduced WBPhenotype:0001278,9.819391427636601,28,2.851500544238843,7.16061181992148e-08,1.7829923431604483e-05
oxygen response variant WBPhenotype:0000464,0.9266005016904787,5,5.396068738229756,0.00031277825053507055,0.03894089219161628
