Tissue,Expected,Observed,Enrichment Fold Change,P value,Q value
transgene expression reduced WBPhenotype:0001278,8.36328048541789,28,3.3479685452162515,1.1572752058170994e-08,2.8931880145427487e-06
oxygen response variant WBPhenotype:0000464,0.7891955372871403,5,6.335565476190476,0.00014366257652282486,0.017957822065353107
