Tissue,Expected,Observed,Enrichment Fold Change,P value,Q value
oxygen response variant WBPhenotype:0000464,0.7946158363069695,7,8.809288312869487,1.36182276937944e-06,0.00034045569234486
