Tissue,Expected,Observed,Enrichment Fold Change,P value,Q value
behavior variant WBPhenotype:0000517,4.7177078157700585,33,6.994922383639289,2.5364393326018058e-20,6.3410983315045146e-18
lipid metabolism variant WBPhenotype:0000725,1.2225183311501573,19,15.541689245775654,1.0443074567702276e-18,1.3053843209627845e-16
developmental timing variant WBPhenotype:0000033,3.3738952376650553,25,7.409832919797934,3.4701454984884854e-16,2.891787915407071e-14
embryonic development variant WBPhenotype:0000749,5.523676167246337,28,5.069087895852983,9.59642416598147e-14,5.997765103738419e-12
movement variant WBPhenotype:0001206,3.1456705361579114,19,6.040047672381609,4.352059972567971e-11,1.5543071330599897e-09
transgene expression increased WBPhenotype:0001236,1.5640573949440655,14,8.951078167115904,5.738999186879831e-11,1.793437245899947e-09
organ system physiology variant WBPhenotype:0000575,5.988105454928708,23,3.8409477209639133,4.373856823969464e-09,9.809554024240992e-08
fertility reduced WBPhenotype:0001384,5.172561241850731,20,3.8665564436785753,3.876190723077536e-08,6.460317871795893e-07
body morphology variant WBPhenotype:0000072,2.157760814249364,12,5.561320754716981,2.691580020952757e-07,3.738305584656607e-06
