Tissue,Expected,Observed,Enrichment Fold Change,P value,Q value
transgene expression reduced WBPhenotype:0001278,10.485112880357727,25,2.3843329380681935,1.1245959783552205e-05,0.0028002439861044993
pattern protein expression variant WBPhenotype:0001408,4.095103064674446,12,2.9303291786513266,0.00021989436295073914,0.027376848187367023
somatic gonad morphology variant WBPhenotype:0000977,0.9619369615007088,5,5.197845804988662,0.00038189956457240304,0.027376848187367023
mRNA levels reduced WBPhenotype:0000137,1.7177445741084088,7,4.075111111111111,0.00031233528248448417,0.027376848187367023
Q neuroblast lineage migration variant WBPhenotype:0000469,0.6870978296433635,4,5.821587301587302,0.0005845424487469818,0.029110213947599693
enzyme activity variant WBPhenotype:0000727,0.769549569200567,4,5.197845804988662,0.0009869230111821444,0.04095730496405899
L1 larval development variant WBPhenotype:0000751,1.6627767477369395,6,3.6084218811491544,0.0013533339494314666,0.04814002191549074
