Tissue,Expected,Observed,Enrichment Fold Change,P value,Q value
short WBPhenotype:0000324,1.4734932321544183,10,6.786593777141981,3.4160859083548584e-07,8.540214770887147e-05
