Tissue,Expected,Observed,Enrichment Fold Change,P value,Q value
oxygen response variant WBPhenotype:0000464,0.41618497109826585,4,9.611111111111112,5.5540051012352166e-05,0.01382947270207569
