Tissue,Expected,Observed,Enrichment Fold Change,P value,Q value
oxygen response variant WBPhenotype:0000464,0.3252179411897556,4,12.299444444444445,1.9861948411013144e-05,0.004965487102753286
