Tissue,Expected,Observed,Enrichment Fold Change,P value,Q value
anal depressor muscle WBbt:0004292,11.014389074059018,33,2.9960808337269724,4.627735983597475e-09,1.2587441875385133e-06
hermaphrodite WBbt:0007849,53.41029184619137,83,1.554007610350076,6.42850347125962e-06,0.0008742764720913083
intestinal muscle WBbt:0005796,4.747581497439233,15,3.159503424657534,2.2480844400970097e-05,0.0020382632256879555
sex organ WBbt:0008422,38.00438988700106,60,1.5787649842136335,0.00010003484114161274,0.006802369197629666
Psub1 WBbt:0006874,5.530932444516706,15,2.7120201070021754,0.00014022157574921485,0.007628053720757287
lateral nerve cord WBbt:0006769,9.827493699699211,20,2.0351068757858513,0.0008903849421558568,0.04036411737773218
nerve ring WBbt:0006749,20.865620681245424,35,1.6774003771408983,0.0009161527366257846,0.04036411737773218
midbody WBbt:0005740,17.25745874319161,30,1.7383787756024949,0.0011112837894776963,0.04036411737773218
