Tissue,Expected,Observed,Enrichment Fold Change,P value,Q value
coelomic system WBbt:0005749,6.424193155028047,16,2.4905851386920426,0.0001800034113080871,0.04896092787579969
