Tissue,Expected,Observed,Enrichment Fold Change,P value,Q value
anal depressor muscle WBbt:0004292,11.604908090827887,33,2.843624416645061,3.5658208858250464e-08,9.734691018302377e-06
intestinal muscle WBbt:0005796,5.002115556391331,15,2.9987312030075186,4.9656692208574965e-05,0.006778138486470482
hermaphrodite WBbt:0007849,56.27380000940247,83,1.4749314954051798,0.0002128105796047457,0.01936576274403186
Psub1 WBbt:0006874,5.8274646231959,15,2.574018200006454,0.00029129387293288443,0.01988080682766936
