Tissue,Expected,Observed,Enrichment Fold Change,P value,Q value
coelomic system WBbt:0005749,5.910394433736072,16,2.707095132039453,0.00011942163274760058,0.03260210574009496
